NAME,ADDRESS,CITY,PREC_NAME
Itai Tracee,8100 Telegraph Rd,Alexandria,Kingstowne
Soroush Inbal,6000 Hanover Ave,Springfield,Crestwood
Okeanos Aloysius,5100 Sideburn Rd,Fairfax,Robinson
Mawar Ealdwine,3000 Hanover Ave,Springfield,Crestwood
Cortney Giselbert,1000 Campbell Dr,Alexandria,Cameron
Taavetti Sigimar,5600 Westchester St,Alexandria,Bush Hill
Isac Arjan,10000 Commonwealth Blvd,Fairfax,Laurel
Bart Tanvi,3000 Sideburn Rd,Fairfax,Robinson
Metztli Nadezda,5400 Ox Rd,Fairfax Station,Fairview
Komang Iphigeneia,6000 Beryl Rd,Alexandria,Bren Mar
Ludvig Eckhart,6100 Cindy Ln,Annandale,Brook Hill
Bhumi Marlen,9600 Barnack Dr,Springfield,Valley
Chanda Aebbe,5000 Bardu Ave,Springfield,Keene Mill
Onesiphoros Viktor,5400 Ox Rd,Fairfax Station,Fairview
